id,type,name,display_name
1,Body,Body001,とんがり耳の黒ねこ
2,Body,Body002,ふさふさ耳の黒ねこ
3,Body,Body003,たれ耳の黒ねこ
4,Body,Body004,まるい耳の黒ねこ
5,Body,Body005,ぎざぎざ耳の黒ねこ
6,Body,Body006,とんがり耳の灰ねこ
7,Body,Body007,ふさふさ耳の灰ねこ
8,Body,Body008,たれ耳の灰ねこ
9,Body,Body009,まるい耳の灰ねこ
10,Body,Body010,ぎざぎざ耳の灰ねこ
11,Body,Body011,とんがり耳の白ねこ
12,Body,Body012,ふさふさ耳の白ねこ
13,Body,Body013,たれ耳の白ねこ
14,Body,Body014,まるい耳の白ねこ
15,Body,Body015,ぎざぎざ耳の白ねこ
16,Body,Body016,とんがり耳の茶ねこ
17,Body,Body017,ふさふさ耳の茶ねこ
18,Body,Body018,たれ耳の茶ねこ
19,Body,Body019,まるい耳の茶ねこ
20,Body,Body020,ぎざぎざ耳の茶ねこ
21,Body,Body021,とんがり耳の砂ねこ
22,Body,Body022,ふさふさ耳の砂ねこ
23,Body,Body023,たれ耳の砂ねこ
24,Body,Body024,まるい耳の砂ねこ
25,Body,Body025,ぎざぎざ耳の砂ねこ
26,Cloth,Cloth000,服なし
27,Cloth,Cloth005,セーラー服
28,Face,Face001,にっこり
29,HandAccessory,HandAccessory000,手もちなし
30,HandAccessory,HandAccessory005,うきわ
31,HeadAccessory,HeadAccessory000,頭かざりなし
32,HeadAccessory,HeadAccessory005,セーラー帽
33,LegAccessory,LegAccessory000,くつなし
34,LegAccessory,LegAccessory005,マリンサンダル
35,Tail,Tail000,しっぽなし
36,Tail,Tail001,黒のなみなみしっぽ
37,Tail,Tail002,黒のずんぐりしっぽ
38,Tail,Tail003,黒のぎざぎざしっぽ
39,Tail,Tail004,黒のくるくるしっぽ
41,Tail,Tail006,黒のちょこんしっぽ
42,Tail,Tail007,黒のすらっとしっぽ
43,Tail,Tail008,黒のふさふさしっぽ
45,HeadAccessory,HeadAccessoryDracula,シルクハット
46,HeadAccessory,HeadAccessoryBunny,うさ耳
47,HeadAccessory,HeadAccessoryMother,おだんごヘア
48,HeadAccessory,HeadAccessoryBurger,バーガーのパン
49,HeadAccessory,HeadAccessoryOmeletRice,ケチャップの旗
50,HeadAccessory,HeadAccessoryPartyBlue,青いパーティ帽
51,HeadAccessory,HeadAccessoryPartyPink,ピンクのパーティ帽
52,HeadAccessory,HeadAccessoryHatBlue,青いキャップ
53,HeadAccessory,HeadAccessoryHatPink,ピンクのキャップ
54,HeadAccessory,HeadAccessoryRibbonBlue,青いリボン
55,HeadAccessory,HeadAccessoryRibbonPink,ピンクのリボン
56,HeadAccessory,HeadAccessoryMugiwaraBlue,青い麦わら帽子
57,HeadAccessory,HeadAccessoryMugiwaraPink,ピンクの麦わら帽子
59,HandAccessory,HandAccessoryDracula,赤いステッキ
60,HandAccessory,HandAccessoryBunny,にんじん
61,HandAccessory,HandAccessoryMother,おかいものぶくろ
62,HandAccessory,HandAccessoryOmeletRice,スプーン
63,HandAccessory,HandAccessoryPartyBlue,青いふきもどし
64,HandAccessory,HandAccessoryPartyPink,ピンクのふきもどし
65,Face,Face002,てれてれ
66,Face,Face003,へとへと
67,Face,Face004,びっくり
68,Face,Face005,ごきげん
69,Face,Face006,うっとり
70,Face,Face007,ウインク
71,Face,Face008,にゃーん
73,LegAccessory,LegAccessoryDracula,ドラキュラのくつ
74,LegAccessory,LegAccessoryBunny,うさぎのあんよ
75,LegAccessory,LegAccessoryMother,みどりのスリッパ
76,LegAccessory,LegAccessoryBurger,ポテトのくつ
77,LegAccessory,LegAccessoryOmeletRice,あかいくつ
79,Cloth,ClothDracula,ドラキュラのマント
80,Cloth,ClothOmeletRice,たまごのスカート
81,Cloth,ClothBurger,ハンバーガー
82,Cloth,ClothTshirtBlue,青い肉球シャツ
83,Cloth,ClothTshirtPink,ピンクの肉球シャツ
84,Cloth,ClothBunny,うさぎのきぐるみ
85,Cloth,ClothMother,ピンクのエプロン
86,Cloth,ClothPartyBlue,青いたすき
87,Cloth,ClothPartyPink,ピンクのたすき
88,Cloth,ClothBellBlue,青い鈴の首輪
89,Cloth,ClothBellPink,ピンクの鈴の首輪
90,Tail,Tail009,灰のなみなみしっぽ
91,Tail,Tail010,灰のずんぐりしっぽ
92,Tail,Tail011,灰のぎざぎざしっぽ
93,Tail,Tail012,灰のくるくるしっぽ
94,Tail,Tail013,灰のちょこんしっぽ
95,Tail,Tail014,灰のすらっとしっぽ
96,Tail,Tail015,灰のふさふさしっぽ
97,Tail,Tail016,白のなみなみしっぽ
98,Tail,Tail017,白のずんぐりしっぽ
99,Tail,Tail018,白のぎざぎざしっぽ
100,Tail,Tail019,白のくるくるしっぽ
101,Tail,Tail020,白のちょこんしっぽ
102,Tail,Tail021,白のすらっとしっぽ
103,Tail,Tail022,白のふさふさしっぽ
104,Tail,Tail023,茶のなみなみしっぽ
105,Tail,Tail024,茶のずんぐりしっぽ
106,Tail,Tail025,茶のぎざぎざしっぽ
107,Tail,Tail026,茶のくるくるしっぽ
108,Tail,Tail027,茶のちょこんしっぽ
109,Tail,Tail028,茶のすらっとしっぽ
110,Tail,Tail029,茶のふさふさしっぽ
111,Tail,Tail030,砂のなみなみしっぽ
112,Tail,Tail031,砂のずんぐりしっぽ
113,Tail,Tail032,砂のぎざぎざしっぽ
114,Tail,Tail033,砂のくるくるしっぽ
115,Tail,Tail034,砂のちょこんしっぽ
116,Tail,Tail035,砂のすらっとしっぽ
117,Tail,Tail036,砂のふさふさしっぽ
