id,name,item_type,item_id,price,currency_type,amount,daily_cap
1,毛糸,point,0,0,reward_ad,100,3
1001,,furniture,1,170,yarn,,
1003,,furniture,3,130,yarn,,
1005,,furniture,5,170,yarn,,
1006,,furniture,6,300,yarn,,
1007,,furniture,7,300,yarn,,
1008,,furniture,8,300,yarn,,
1009,,furniture,9,200,yarn,,
1010,,furniture,10,200,yarn,,
1011,,furniture,11,230,yarn,,
1012,,furniture,12,170,yarn,,
1013,,furniture,13,150,yarn,,
1014,,furniture,14,70,yarn,,
1015,,furniture,15,70,yarn,,
1016,,furniture,16,300,yarn,,
1017,,furniture,17,200,yarn,,
1018,,furniture,18,170,yarn,,
1019,,furniture,19,260,yarn,,
1020,,furniture,20,260,yarn,,
1021,,furniture,21,200,yarn,,
1022,,furniture,22,200,yarn,,
1023,,furniture,23,200,yarn,,
1024,,furniture,24,170,yarn,,
1025,,furniture,25,200,yarn,,
1026,,furniture,26,150,yarn,,
1027,,furniture,27,230,yarn,,
1028,,furniture,28,200,yarn,,
1029,,furniture,29,200,yarn,,
1030,,furniture,30,170,yarn,,
1031,,furniture,31,170,yarn,,
1032,,furniture,32,110,yarn,,
1033,,furniture,33,150,yarn,,
1034,,furniture,34,150,yarn,,
1035,,furniture,35,130,yarn,,
1036,,furniture,36,130,yarn,,
1037,,furniture,37,130,yarn,,
1038,,furniture,38,150,yarn,,
1039,,furniture,39,70,yarn,,
1040,,furniture,40,70,yarn,,
1041,,furniture,41,70,yarn,,
1042,,furniture,42,110,yarn,,
1043,,furniture,43,130,yarn,,
1044,,furniture,44,90,yarn,,
1045,,furniture,45,90,yarn,,
1046,,furniture,46,70,yarn,,
1047,,furniture,47,110,yarn,,
1048,,furniture,48,110,yarn,,
1049,,furniture,49,130,yarn,,
1050,,furniture,50,110,yarn,,
2002,,outfit,2,170,yarn,,
2003,,outfit,3,170,yarn,,
2004,,outfit,4,170,yarn,,
2005,,outfit,5,170,yarn,,
2006,,outfit,6,170,yarn,,
2007,,outfit,7,170,yarn,,
2008,,outfit,8,170,yarn,,
2009,,outfit,9,170,yarn,,
2010,,outfit,10,170,yarn,,
2011,,outfit,11,170,yarn,,
2012,,outfit,12,170,yarn,,
2013,,outfit,13,170,yarn,,
2014,,outfit,14,170,yarn,,
2015,,outfit,15,170,yarn,,
2016,,outfit,16,170,yarn,,
2017,,outfit,17,170,yarn,,
2018,,outfit,18,170,yarn,,
2019,,outfit,19,170,yarn,,
2020,,outfit,20,170,yarn,,
2021,,outfit,21,170,yarn,,
2022,,outfit,22,170,yarn,,
2023,,outfit,23,170,yarn,,
2024,,outfit,24,170,yarn,,
2025,,outfit,25,170,yarn,,
2027,,outfit,27,300,yarn,,
2030,,outfit,30,170,yarn,,
2032,,outfit,32,170,yarn,,
2034,,outfit,34,130,yarn,,
2036,,outfit,36,110,yarn,,
2037,,outfit,37,110,yarn,,
2038,,outfit,38,110,yarn,,
2039,,outfit,39,130,yarn,,
2041,,outfit,41,90,yarn,,
2042,,outfit,42,110,yarn,,
2043,,outfit,43,130,yarn,,
2045,,outfit,45,230,yarn,,
2046,,outfit,46,230,yarn,,
2047,,outfit,47,170,yarn,,
2048,,outfit,48,170,yarn,,
2049,,outfit,49,130,yarn,,
2050,,outfit,50,110,yarn,,
2051,,outfit,51,110,yarn,,
2052,,outfit,52,130,yarn,,
2053,,outfit,53,130,yarn,,
2054,,outfit,54,110,yarn,,
2055,,outfit,55,110,yarn,,
2056,,outfit,56,170,yarn,,
2057,,outfit,57,170,yarn,,
2059,,outfit,59,150,yarn,,
2060,,outfit,60,110,yarn,,
2061,,outfit,61,150,yarn,,
2062,,outfit,62,110,yarn,,
2063,,outfit,63,110,yarn,,
2064,,outfit,64,110,yarn,,
2065,,outfit,65,130,yarn,,
2066,,outfit,66,130,yarn,,
2067,,outfit,67,130,yarn,,
2068,,outfit,68,130,yarn,,
2069,,outfit,69,130,yarn,,
2070,,outfit,70,130,yarn,,
2071,,outfit,71,130,yarn,,
2073,,outfit,73,150,yarn,,
2074,,outfit,74,150,yarn,,
2075,,outfit,75,110,yarn,,
2076,,outfit,76,150,yarn,,
2077,,outfit,77,130,yarn,,
2079,,outfit,79,260,yarn,,
2080,,outfit,80,260,yarn,,
2081,,outfit,81,260,yarn,,
2082,,outfit,82,150,yarn,,
2083,,outfit,83,150,yarn,,
2084,,outfit,84,300,yarn,,
2085,,outfit,85,200,yarn,,
2086,,outfit,86,110,yarn,,
2087,,outfit,87,110,yarn,,
2088,,outfit,88,110,yarn,,
2089,,outfit,89,110,yarn,,
2090,,outfit,90,110,yarn,,
2091,,outfit,91,110,yarn,,
2092,,outfit,92,110,yarn,,
2093,,outfit,93,130,yarn,,
2094,,outfit,94,90,yarn,,
2095,,outfit,95,110,yarn,,
2096,,outfit,96,130,yarn,,
2097,,outfit,97,110,yarn,,
2098,,outfit,98,110,yarn,,
2099,,outfit,99,110,yarn,,
2100,,outfit,100,130,yarn,,
2101,,outfit,101,90,yarn,,
2102,,outfit,102,110,yarn,,
2103,,outfit,103,130,yarn,,
2104,,outfit,104,110,yarn,,
2105,,outfit,105,110,yarn,,
2106,,outfit,106,110,yarn,,
2107,,outfit,107,130,yarn,,
2108,,outfit,108,90,yarn,,
2109,,outfit,109,110,yarn,,
2110,,outfit,110,130,yarn,,
2111,,outfit,111,110,yarn,,
2112,,outfit,112,110,yarn,,
2113,,outfit,113,110,yarn,,
2114,,outfit,114,130,yarn,,
2115,,outfit,115,90,yarn,,
2116,,outfit,116,110,yarn,,
2117,,outfit,117,130,yarn,,
